algo,track,nonce,quality,wall_clock_s,status
dynamic,n_items=1000,budget=25,_AGG,0,8.60,finished5_invalid0
dynamic,n_items=1000,budget=25,0,-1000000,_,ok
dynamic,n_items=1000,budget=25,1,-1000000,_,ok
dynamic,n_items=1000,budget=25,2,-1000000,_,ok
dynamic,n_items=1000,budget=25,3,-1000000,_,ok
dynamic,n_items=1000,budget=25,4,-1000000,_,ok
dynamic,n_items=1000,budget=10,_AGG,0,9.70,finished5_invalid0
dynamic,n_items=1000,budget=10,0,-1000000,_,ok
dynamic,n_items=1000,budget=10,1,-1000000,_,ok
dynamic,n_items=1000,budget=10,2,-1000000,_,ok
dynamic,n_items=1000,budget=10,3,-1000000,_,ok
dynamic,n_items=1000,budget=10,4,-1000000,_,ok
knapmaxxing,n_items=1000,budget=25,_AGG,0,16.96,finished5_invalid0
knapmaxxing,n_items=1000,budget=25,0,-1000000,_,ok
knapmaxxing,n_items=1000,budget=25,1,-1000000,_,ok
knapmaxxing,n_items=1000,budget=25,2,-1000000,_,ok
knapmaxxing,n_items=1000,budget=25,3,-1000000,_,ok
knapmaxxing,n_items=1000,budget=25,4,-1000000,_,ok
knapmaxxing,n_items=1000,budget=10,_AGG,0,12.05,finished5_invalid0
knapmaxxing,n_items=1000,budget=10,0,-1000000,_,ok
knapmaxxing,n_items=1000,budget=10,1,-1000000,_,ok
knapmaxxing,n_items=1000,budget=10,2,-1000000,_,ok
knapmaxxing,n_items=1000,budget=10,3,-1000000,_,ok
knapmaxxing,n_items=1000,budget=10,4,-1000000,_,ok
knapheudp,n_items=1000,budget=25,_AGG,0,14.75,finished5_invalid0
knapheudp,n_items=1000,budget=25,0,-1000000,_,ok
knapheudp,n_items=1000,budget=25,1,-1000000,_,ok
knapheudp,n_items=1000,budget=25,2,-1000000,_,ok
knapheudp,n_items=1000,budget=25,3,-1000000,_,ok
knapheudp,n_items=1000,budget=25,4,-1000000,_,ok
knapheudp,n_items=1000,budget=10,_AGG,0,10.32,finished5_invalid0
knapheudp,n_items=1000,budget=10,0,-1000000,_,ok
knapheudp,n_items=1000,budget=10,1,-1000000,_,ok
knapheudp,n_items=1000,budget=10,2,-1,_,ok
knapheudp,n_items=1000,budget=10,3,-1000000,_,ok
knapheudp,n_items=1000,budget=10,4,-1000000,_,ok
classic_quadkp,n_items=1000,budget=25,_AGG,0,11.39,finished5_invalid0
classic_quadkp,n_items=1000,budget=25,0,-1000000,_,ok
classic_quadkp,n_items=1000,budget=25,1,-1000000,_,ok
classic_quadkp,n_items=1000,budget=25,2,-1000000,_,ok
classic_quadkp,n_items=1000,budget=25,3,-1000000,_,ok
classic_quadkp,n_items=1000,budget=25,4,-1000000,_,ok
classic_quadkp,n_items=1000,budget=10,_AGG,0,9.89,finished5_invalid0
classic_quadkp,n_items=1000,budget=10,0,-1000000,_,ok
classic_quadkp,n_items=1000,budget=10,1,-1000000,_,ok
classic_quadkp,n_items=1000,budget=10,2,-1000000,_,ok
classic_quadkp,n_items=1000,budget=10,3,-1000000,_,ok
classic_quadkp,n_items=1000,budget=10,4,-1000000,_,ok
quadkp_improved,n_items=1000,budget=25,_AGG,0,11.33,finished5_invalid0
quadkp_improved,n_items=1000,budget=25,0,0,_,ok
quadkp_improved,n_items=1000,budget=25,1,-1000000,_,ok
quadkp_improved,n_items=1000,budget=25,2,-1000000,_,ok
quadkp_improved,n_items=1000,budget=25,3,-1000000,_,ok
quadkp_improved,n_items=1000,budget=25,4,-1000000,_,ok
quadkp_improved,n_items=1000,budget=10,_AGG,0,10.71,finished5_invalid0
quadkp_improved,n_items=1000,budget=10,0,-1000000,_,ok
quadkp_improved,n_items=1000,budget=10,1,-1000000,_,ok
quadkp_improved,n_items=1000,budget=10,2,-1000000,_,ok
quadkp_improved,n_items=1000,budget=10,3,-1000000,_,ok
quadkp_improved,n_items=1000,budget=10,4,-1,_,ok
knap_one,n_items=1000,budget=25,_AGG,0,11.81,finished5_invalid0
knap_one,n_items=1000,budget=25,0,-1000000,_,ok
knap_one,n_items=1000,budget=25,1,-1000000,_,ok
knap_one,n_items=1000,budget=25,2,-1000000,_,ok
knap_one,n_items=1000,budget=25,3,-1000000,_,ok
knap_one,n_items=1000,budget=25,4,-1000000,_,ok
knap_one,n_items=1000,budget=10,_AGG,0,10.89,finished5_invalid0
knap_one,n_items=1000,budget=10,0,-1000000,_,ok
knap_one,n_items=1000,budget=10,1,-1000000,_,ok
knap_one,n_items=1000,budget=10,2,-1000000,_,ok
knap_one,n_items=1000,budget=10,3,-1000000,_,ok
knap_one,n_items=1000,budget=10,4,-1000000,_,ok
knapsack_redone,n_items=1000,budget=25,_AGG,0,12.75,finished5_invalid0
knapsack_redone,n_items=1000,budget=25,0,-1000000,_,ok
knapsack_redone,n_items=1000,budget=25,1,-1000000,_,ok
knapsack_redone,n_items=1000,budget=25,2,-1000000,_,ok
knapsack_redone,n_items=1000,budget=25,3,-1000000,_,ok
knapsack_redone,n_items=1000,budget=25,4,-1000000,_,ok
knapsack_redone,n_items=1000,budget=10,_AGG,0,8.42,finished5_invalid0
knapsack_redone,n_items=1000,budget=10,0,-1000000,_,ok
knapsack_redone,n_items=1000,budget=10,1,-1000000,_,ok
knapsack_redone,n_items=1000,budget=10,2,-1000000,_,ok
knapsack_redone,n_items=1000,budget=10,3,-1000000,_,ok
knapsack_redone,n_items=1000,budget=10,4,-1000000,_,ok
near_knap,n_items=1000,budget=25,_AGG,36671,8.89,finished5_invalid0
near_knap,n_items=1000,budget=25,0,21425,_,ok
near_knap,n_items=1000,budget=25,1,26830,_,ok
near_knap,n_items=1000,budget=25,2,46360,_,ok
near_knap,n_items=1000,budget=25,3,46481,_,ok
near_knap,n_items=1000,budget=25,4,42263,_,ok
near_knap,n_items=1000,budget=10,_AGG,223693,8.87,finished5_invalid0
near_knap,n_items=1000,budget=10,0,132625,_,ok
near_knap,n_items=1000,budget=10,1,212478,_,ok
near_knap,n_items=1000,budget=10,2,270100,_,ok
near_knap,n_items=1000,budget=10,3,254180,_,ok
near_knap,n_items=1000,budget=10,4,249083,_,ok
near_knap_v4,n_items=1000,budget=25,_AGG,50156,15.42,finished5_invalid0
near_knap_v4,n_items=1000,budget=25,0,39593,_,ok
near_knap_v4,n_items=1000,budget=25,1,42021,_,ok
near_knap_v4,n_items=1000,budget=25,2,60949,_,ok
near_knap_v4,n_items=1000,budget=25,3,66269,_,ok
near_knap_v4,n_items=1000,budget=25,4,41950,_,ok
near_knap_v4,n_items=1000,budget=10,_AGG,239810,13.37,finished5_invalid0
near_knap_v4,n_items=1000,budget=10,0,151188,_,ok
near_knap_v4,n_items=1000,budget=10,1,222327,_,ok
near_knap_v4,n_items=1000,budget=10,2,285147,_,ok
near_knap_v4,n_items=1000,budget=10,3,276105,_,ok
near_knap_v4,n_items=1000,budget=10,4,264287,_,ok
